<?xml version="1.0" encoding="UTF-8"?>
<!DOCTYPE suite SYSTEM "http://testng.org/testng-1.0.dtd">
<suite name="Suite">
    <test name="ClassTest">
        <classes>
            <class name="Tests.Test_Class">
                <methods>


                    <include name="Verify_That_three_plans_are_displayed_when_UAEselected"></include>
                    <include name="Verify_That_currency_is_equal_Dinar_when_UAE_selected"></include>
                    <include name="Verify_That_currency_is_equal_UAE_DIRAHM_when_UAE_selected"></include>


                    <include name="Verify_That_three_plans_are_displayed_when_Egypt_selected"></include>
                    <include name="Verify_That_currency_is_equal_Pound_when_Egypt_selected"></include>
                    <include name="Verify_That_Price_is_Displayed_when_Egypt_selected"></include>


                    <include name="Verify_That_three_plans_are_displayed_when_Jordan_selected"></include>
                    <include name="Verify_That_currency_is_equal_Dirham_when_Jordan_selected"></include>
                    <include name="Verify_That_Price_is_Displayed_when_Jordan_selected"></include>




                </methods>
            </class>
        </classes>
    </test>
</suite>